TM Number,Name,Type,Category,Power,Accuracy,PP,IMAGE,Location,LP Cost,Materials Needed,Sell Price
001,Take Down,Normal,Physical,90,85,20,https://archives.bulbagarden.net/media/upload/thumb/f/f9/TM001_Thumbnail_SV.png/110px-TM001_Thumbnail_SV.png,"East Province (Area Three),South Province (Area Five),West Province (Area One),Oni MountainTM",400,"Lechonk Hair x3,Yungoos Fur x3",$400
002,Charm,Fairy,Status,None,100,20,https://archives.bulbagarden.net/media/upload/thumb/7/78/TM002_Thumbnail_SV.png/110px-TM002_Thumbnail_SV.png,"Casseroya Lake,West Province (Area One),Blueberry AcademyID",400,"Azurill Fur x3,Teddiursa Claw x3",$400
003,Fake Tears,Dark,Status,None,100,20,https://archives.bulbagarden.net/media/upload/thumb/6/6d/TM003_Thumbnail_SV.png/110px-TM003_Thumbnail_SV.png,"Glaseado Mountain,East Province (Area One),South Province (Area Two),South Province (Area Five),Kitakami HallTM,Defeat Team Star Boss Giacomo (recipe)",400,"Bonsly Tears x3,Teddiursa Claw x3",$400
004,Agility,Psychic,Status,None,Cannot Miss,30,https://archives.bulbagarden.net/media/upload/thumb/5/51/TM004_Thumbnail_SV.png/110px-TM004_Thumbnail_SV.png,"South Province (Area Two),South Province (Area Three),West Province (Area One),West Province (Area Three),Defeat Team Star Boss Giacomo (recipe)",800,"Fletchling Feather x3,Oricorio Feather x3",$800
005,Mud-Slap,Ground,Special,20,100,10,https://archives.bulbagarden.net/media/upload/thumb/a/aa/TM005_Thumbnail_SV.png/110px-TM005_Thumbnail_SV.png,"South Province (Area Two),South Province (Area Three),West Province (Area One)",200,Wooper Slime x3,$200
006,Scary Face,Normal,Status,None,100,10,https://archives.bulbagarden.net/media/upload/thumb/5/5c/TM006_Thumbnail_SV.png/110px-TM006_Thumbnail_SV.png,"Dalizapa Passage,South Province (Area Three),South Province (Area Five),West Province (Area One),Defeat Team Star Boss Giacomo (recipe)",400,"Stantler Hair x3,Sandile Claw x3",$400
007,Protect,Normal,Status,None,Cannot Miss,10,https://archives.bulbagarden.net/media/upload/thumb/8/83/TM007_Thumbnail_SV.png/110px-TM007_Thumbnail_SV.png,"Alfornada Cavern,South Province (Area One),South Province (Area Two),South Province (Area Four),Wistful FieldsTM,Blueberry AcademyID,Savanna BiomeID",400,"Lechonk Hair x3,Scatterbug Powder x3",$400
008,Fire Fang,Fire,Physical,65,95,15,https://archives.bulbagarden.net/media/upload/thumb/9/90/TM008_Thumbnail_SV.png/110px-TM008_Thumbnail_SV.png,"Schedar Squad's Base,West Province (Area One),Oni MountainTM",800,Houndour Fang x3,$800
009,Thunder Fang,Electric,Physical,65,95,15,https://archives.bulbagarden.net/media/upload/thumb/0/0f/TM009_Thumbnail_SV.png/110px-TM009_Thumbnail_SV.png,"East Province (Area One),South Province (Area Five),West Province (Area Three),Oni MountainTM",800,Shinx Fang x3,$800
010,Ice Fang,Ice,Physical,65,95,15,https://archives.bulbagarden.net/media/upload/thumb/a/a6/TM010_Thumbnail_SV.png/110px-TM010_Thumbnail_SV.png,"Mesagoza,South Province (Area Four),West Province (Area One),Dreaded DenTM",800,Cubchoo Fur x3,$800
011,Water Pulse,Water,Special,60,100,20,https://archives.bulbagarden.net/media/upload/thumb/8/8a/TM011_Thumbnail_SV.png/110px-TM011_Thumbnail_SV.png,"Cascarrafa,Socarrat Trail,South Province (Area Three),South Province (Area Five),West Province (Area Three),Defeat Team Star Boss Mela (recipe)","1,500","Buizel Fur x3,Magikarp Scales x3","$1,500"
012,Low Kick,Fighting,Physical,None,100,20,https://archives.bulbagarden.net/media/upload/thumb/0/07/TM012_Thumbnail_SV.png/110px-TM012_Thumbnail_SV.png,"South Province (Area Two),West Province (Area Three)",400,Mankey Fur x3,$400
013,Acid Spray,Poison,Special,40,100,20,https://archives.bulbagarden.net/media/upload/thumb/c/ca/TM013_Thumbnail_SV.png/110px-TM013_Thumbnail_SV.png,"Asado Desert,North Province (Area One),South Province (Area One),South Province (Area Two),Paradise BarrensTM,Polar BiomeID,Defeat Team Star Boss Giacomo (recipe)",800,"Toxel Sparks x3,Wooper Slime x3",$800
014,Acrobatics,Flying,Physical,55,100,15,https://archives.bulbagarden.net/media/upload/thumb/8/82/TM014_Thumbnail_SV.png/110px-TM014_Thumbnail_SV.png,"Casseroya Lake,East Province (Area Three),South Province (Area Three),West Province (Area One),Kitakami RoadTM,Defeat Team Star Boss Mela (recipe)","3,000","Wattrel Feather x3,Bombirdier Feather x3","$3,000"
015,Struggle Bug,Bug,Special,50,100,20,https://archives.bulbagarden.net/media/upload/thumb/a/ac/TM015_Thumbnail_SV.png/110px-TM015_Thumbnail_SV.png,"South Province (Area One),Kitakami RoadTM",400,Tarountula Thread x3,$400
016,Psybeam,Psychic,Special,65,100,20,https://archives.bulbagarden.net/media/upload/thumb/9/90/TM016_Thumbnail_SV.png/110px-TM016_Thumbnail_SV.png,"East Province (Area Three),South Province (Area One),West Province (Area One)",800,Psyduck Down x3,$800
017,Confuse Ray,Ghost,Status,None,100,10,https://archives.bulbagarden.net/media/upload/thumb/c/c7/TM017_Thumbnail_SV.png/110px-TM017_Thumbnail_SV.png,"Asado Desert,Dalizapa Passage,South Province (Area One),South Province (Area Three),Defeat Team Star Boss Giacomo (recipe)",400,"Gastly Gas x3,Mareep Wool x3",$400
018,Thief,Dark,Physical,60,100,25,https://archives.bulbagarden.net/media/upload/thumb/6/64/TM018_Thumbnail_SV.png/110px-TM018_Thumbnail_SV.png,"Glaseado Mountain,South Province (Area Two),West Province (Area One),Mossfell ConfluenceTM,Defeat Team Star Boss Mela (recipe)","3,000","Houndour Fang x3,Shroodle Ink x3","$3,000"
019,Disarming Voice,Fairy,Special,40,Cannot Miss,15,https://archives.bulbagarden.net/media/upload/thumb/4/4b/TM019_Thumbnail_SV.png/110px-TM019_Thumbnail_SV.png,"Mesagoza,South Province (Area Two)",200,Ralts Dust x3,$200
020,Trailblaze,Grass,Physical,50,100,20,https://archives.bulbagarden.net/media/upload/thumb/1/18/TM020_Thumbnail_SV.png/110px-TM020_Thumbnail_SV.png,Artazon (Gym reward),800,"Petilil Leaf x3,Hoppip Leaf x3",$800
021,Pounce,Bug,Physical,50,100,20,https://archives.bulbagarden.net/media/upload/thumb/a/ac/TM021_Thumbnail_SV.png/110px-TM021_Thumbnail_SV.png,Cortondo (Gym reward),800,"Nymble Claw x3,Tarountula Thread x3",$800
022,Chilling Water,Water,Special,50,100,20,https://archives.bulbagarden.net/media/upload/thumb/0/0a/TM022_Thumbnail_SV.png/110px-TM022_Thumbnail_SV.png,"Cascarrafa (Gym reward),West Province (Area Three)","3,000","Psyduck Down x3,Surskit Syrup x3","$3,000"
023,Charge Beam,Electric,Special,50,90,10,https://archives.bulbagarden.net/media/upload/thumb/f/f3/TM023_Thumbnail_SV.png/110px-TM023_Thumbnail_SV.png,"East Province (Area Two),West Province (Area One),Defeat Team Star Boss Giacomo (recipe)",800,"Mareep Wool x3,Dedenne Fur x3",$800
024,Fire Spin,Fire,Special,35,85,15,https://archives.bulbagarden.net/media/upload/thumb/f/f1/TM024_Thumbnail_SV.png/110px-TM024_Thumbnail_SV.png,"Asado Desert,Glaseado Mountain,East Province (Area Three),South Province (Area Three),South Province (Area Four),Paradise BarrensTM,Defeat Team Star Boss Giacomo (recipe)",800,"Growlithe Fur x3,Torkoal Coal x3",$800
025,Facade,Normal,Physical,70,100,20,https://archives.bulbagarden.net/media/upload/thumb/f/f8/TM025_Thumbnail_SV.png/110px-TM025_Thumbnail_SV.png,Medali (Gym reward),"5,000","Komala Claw x3,Tinkatink Hair x3,Stantler Hair x3","$5,000"
026,Poison Tail,Poison,Physical,50,100,25,https://archives.bulbagarden.net/media/upload/thumb/a/a8/TM026_Thumbnail_SV.png/110px-TM026_Thumbnail_SV.png,"Artazon,Glaseado Mountain,East Province (Area One),Wistful FieldsTM,Defeat Team Star Boss Giacomo (recipe)",800,"Seviper Fang x3,Shroodle Ink x3",$800
027,Aerial Ace,Flying,Physical,60,Cannot Miss,20,https://archives.bulbagarden.net/media/upload/thumb/5/5e/TM027_Thumbnail_SV.png/110px-TM027_Thumbnail_SV.png,"Cortondo,Area Zero,Mossfell ConfluenceTM",800,"Starly Feather x3,Fletchling Feather x3",$800
028,Bulldoze,Ground,Physical,60,100,20,https://archives.bulbagarden.net/media/upload/thumb/b/be/TM028_Thumbnail_SV.png/110px-TM028_Thumbnail_SV.png,"Socarrat Trail,North Province (Area Three),West Province (Area One),Kitakami RoadTM,Defeat Team Star Boss Giacomo (recipe)","1,500","Mudbray Mud x3,Sandygast Sand x3","$1,500"
029,Hex,Ghost,Special,65,100,10,https://archives.bulbagarden.net/media/upload/thumb/9/91/TM029_Thumbnail_SV.png/110px-TM029_Thumbnail_SV.png,"West Paldean Sea,East Province (Area Three),North Province (Area Two),West Province (Area One),Timeless WoodsTM,Blueberry AcademyID,Defeat Team Star Boss Mela (recipe)","3,000","Mimikyu Scrap x3,Greavard Wax x3","$3,000"
030,Snarl,Dark,Special,55,95,15,https://archives.bulbagarden.net/media/upload/thumb/6/67/TM030_Thumbnail_SV.png/110px-TM030_Thumbnail_SV.png,"Asado Desert,East Province (Area One),South Province (Area Three),West Province (Area One),Blueberry AcademyID,Polar BiomeID,Defeat Team Star Boss Giacomo (recipe)",800,"Maschiff Fang x3,Squawkabilly Feather x3",$800
031,Metal Claw,Steel,Physical,50,95,35,https://archives.bulbagarden.net/media/upload/thumb/5/50/TM031_Thumbnail_SV.png/110px-TM031_Thumbnail_SV.png,"Dalizapa Passage,South Province (Area One),South Province (Area Three),West Province (Area One)",400,Teddiursa Claw x3,$400
032,Swift,Normal,Special,60,Cannot Miss,20,https://archives.bulbagarden.net/media/upload/thumb/e/e6/TM032_Thumbnail_SV.png/110px-TM032_Thumbnail_SV.png,"Poco Path,East Province (Area One),East Province (Area Three),South Province (Area One),South Province (Area Five)",200,Fletchling Feather x3,$200
033,Magical Leaf,Grass,Special,60,Cannot Miss,20,https://archives.bulbagarden.net/media/upload/thumb/d/d2/TM033_Thumbnail_SV.png/110px-TM033_Thumbnail_SV.png,"South Province (Area Four),South Province (Area Six),West Province (Area Two),Mossfell ConfluenceTM,Defeat Team Star Boss Giacomo (recipe)","1,500","Smoliv Oil x3,Petilil Leaf x3","$1,500"
034,Icy Wind,Ice,Special,55,95,15,https://archives.bulbagarden.net/media/upload/thumb/7/72/TM034_Thumbnail_SV.png/110px-TM034_Thumbnail_SV.png,"Casseroya Lake,East Province (Area Two),South Province (Area Six),Fellhorn GorgeTM,Blueberry AcademyID,Polar BiomeID,Defeat Team Star Boss Giacomo (recipe)",800,"Snom Thread x3,Snover Berries x3",$800
035,Mud Shot,Ground,Special,55,95,15,https://archives.bulbagarden.net/media/upload/thumb/3/3b/TM035_Thumbnail_SV.png/110px-TM035_Thumbnail_SV.png,"East Province (Area Two),East Province (Area Three),South Province (Area Five),West Province (Area One),Oni MountainTM,Defeat Team Star Boss Giacomo (recipe)",800,"Sandile Claw x3,Wooper Slime x3",$800
036,Rock Tomb,Rock,Physical,60,95,15,https://archives.bulbagarden.net/media/upload/thumb/1/1d/TM036_Thumbnail_SV.png/110px-TM036_Thumbnail_SV.png,"Alfornada Cavern,South Province (Area Four),Apple HillsTM,Defeat Team Star Boss Giacomo (recipe)","1,500","Rockruff Rock x3,Klawf Claw x3","$1,500"
037,Draining Kiss,Fairy,Special,50,100,10,https://archives.bulbagarden.net/media/upload/thumb/6/6e/TM037_Thumbnail_SV.png/110px-TM037_Thumbnail_SV.png,"Cortondo,Glaseado Mountain,East Province (Area One),Defeat Team Star Boss Giacomo (recipe)",800,"Igglybuff Fluff x3,Flabébé Pollen x3",$800
038,Flame Charge,Fire,Physical,50,100,20,https://archives.bulbagarden.net/media/upload/thumb/1/16/TM038_Thumbnail_SV.png/110px-TM038_Thumbnail_SV.png,"Area Zero,Schedar Squad's Base (Boss reward),Defeat Team Star Boss Mela (recipe)",800,"Fletchling Feather x3,Torkoal Coal x3",$800
039,Low Sweep,Fighting,Physical,65,100,20,https://archives.bulbagarden.net/media/upload/thumb/d/d2/TM039_Thumbnail_SV.png/110px-TM039_Thumbnail_SV.png,"Glaseado Mountain,West Province (Area One),Blueberry AcademyID,Defeat Team Star Boss Mela (recipe)","3,000","Croagunk Poison x3,Mankey Fur x3","$3,000"
040,Air Cutter,Flying,Special,60,95,25,https://archives.bulbagarden.net/media/upload/thumb/9/9e/TM040_Thumbnail_SV.png/110px-TM040_Thumbnail_SV.png,"Navi Squad's Base,East Province (Area One),South Province (Area Two),South Province (Area Five),West Province (Area One),Chilling WaterheadTM",400,Combee Honey x3,$400
041,Stored Power,Psychic,Special,20,100,10,https://archives.bulbagarden.net/media/upload/thumb/a/ab/TM041_Thumbnail_SV.png/110px-TM041_Thumbnail_SV.png,"Casseroya Lake,North Paldean Sea,East Province (Area One),South Province (Area One),South Province (Area Two),West Province (Area Two),Infernal PassTM,Blueberry AcademyID,Defeat Team Star Boss Giacomo (recipe)",800,"Gothita Eyelash x3,Ralts Dust x3",$800
042,Night Shade,Ghost,Special,None,100,15,https://archives.bulbagarden.net/media/upload/thumb/c/c0/TM042_Thumbnail_SV.png/110px-TM042_Thumbnail_SV.png,"Asado Desert,Navi Squad's Base,South Province (Area Two),South Province (Area Four),Defeat Team Star Boss Giacomo (recipe)",400,"Gastly Gas x3,Murkrow Bauble x3",$400
043,Fling,Dark,Physical,None,100,10,https://archives.bulbagarden.net/media/upload/thumb/9/9b/TM043_Thumbnail_SV.png/110px-TM043_Thumbnail_SV.png,"Artazon,Caph Squad's Base,North Province (Area One),South Province (Area Three),Oni MountainTM","3,000","Sneasel Claw x3,Happiny Dust x3","$3,000"
044,Dragon Tail,Dragon,Physical,60,90,10,https://archives.bulbagarden.net/media/upload/thumb/a/ad/TM044_Thumbnail_SV.png/110px-TM044_Thumbnail_SV.png,"East Province (Area Three),North Province (Area One),West Province (Area One),Paradise BarrensTM,Blueberry AcademyID,Defeat Team Star Boss Mela (recipe)","1,500","Dratini Scales x3,Sandile Claw x3","$1,500"
045,Venoshock,Poison,Special,65,100,10,https://archives.bulbagarden.net/media/upload/thumb/9/91/TM045_Thumbnail_SV.png/110px-TM045_Thumbnail_SV.png,"East Province (Area Three),South Province (Area Two),Oni MountainTM,Defeat Team Star Boss Mela (recipe)","3,000","Toxel Sparks x3,Salandit Gas x3","$3,000"
046,Avalanche,Ice,Physical,60,100,10,https://archives.bulbagarden.net/media/upload/thumb/7/72/TM046_Thumbnail_SV.png/110px-TM046_Thumbnail_SV.png,"Tagtree Thicket,Defeat Team Star Boss Mela (recipe)","1,500","Bergmite Ice x3,Snorunt Fur x3","$1,500"
047,Endure,Normal,Status,None,Cannot Miss,10,https://archives.bulbagarden.net/media/upload/thumb/b/b5/TM047_Thumbnail_SV.png/110px-TM047_Thumbnail_SV.png,"North Province (Area One),South Province (Area One),West Province (Area One),Oni MountainTM",200,Scatterbug Powder x3,$200
048,Volt Switch,Electric,Special,70,100,20,https://archives.bulbagarden.net/media/upload/thumb/4/4f/TM048_Thumbnail_SV.png/110px-TM048_Thumbnail_SV.png,Levincia (Gym reward),"3,000","Dedenne Fur x3,Shinx Fang x3","$3,000"
049,Sunny Day,Fire,Status,None,Cannot Miss,5,https://archives.bulbagarden.net/media/upload/thumb/9/93/TM049_Thumbnail_SV.png/110px-TM049_Thumbnail_SV.png,"Cabo Poco,East Province (Area One),West Province (Area One),Canyon BiomeID","3,000","Sunkern Leaf x3,Torkoal Coal x3,Litleo Tuft x3","$3,000"
050,Rain Dance,Water,Status,None,Cannot Miss,5,https://archives.bulbagarden.net/media/upload/thumb/4/4e/TM050_Thumbnail_SV.png/110px-TM050_Thumbnail_SV.png,"Asado Desert,East Province (Area One),South Province (Area Five),Fellhorn GorgeTM,Coastal BiomeID","3,000","Shellos Mucus x3,Azurill Fur x3,Wattrel Feather x3","$3,000"
051,Sandstorm,Rock,Status,None,Cannot Miss,10,https://archives.bulbagarden.net/media/upload/thumb/b/b6/TM051_Thumbnail_SV.png/110px-TM051_Thumbnail_SV.png,"Asado Desert,East Province (Area Three),South Province (Area Five),Savanna BiomeID","3,000","Hippopotas Sand x3,Silicobra Sand x3,Sandygast Sand x3","$3,000"
052,Snowscape,Ice,Status,None,Cannot Miss,10,https://archives.bulbagarden.net/media/upload/thumb/2/2c/TM052_Thumbnail_SV.png/110px-TM052_Thumbnail_SV.png,"Glaseado Mountain,West Province (Area One),West Province (Area Three),Polar BiomeID","3,000","Snover Berries x3,Delibird Parcel x3,Snom Thread x3","$3,000"
053,Smart Strike,Steel,Physical,70,Cannot Miss,10,https://archives.bulbagarden.net/media/upload/thumb/e/ed/TM053_Thumbnail_SV.png/110px-TM053_Thumbnail_SV.png,"Cascarrafa,North Province (Area One),Central PlazaID,Defeat Team Star Boss Mela (recipe)","3,000","Chewtle Claw x3,Heracross Claw x3","$3,000"
054,Psyshock,Psychic,Special,80,100,10,https://archives.bulbagarden.net/media/upload/thumb/c/cf/TM054_Thumbnail_SV.png/110px-TM054_Thumbnail_SV.png,"Cascarrafa,Casseroya Lake,Mossfell ConfluenceTM,Defeat Team Star Boss Mela (recipe)","5,000","Meditite Sweat x3,Spoink Pearl x3,Drowzee Fur x3","$5,000"
055,Dig,Ground,Physical,80,100,10,https://archives.bulbagarden.net/media/upload/thumb/4/40/TM055_Thumbnail_SV.png/110px-TM055_Thumbnail_SV.png,"South Province (Area Three),West Province (Area One),Apple HillsTM,Defeat Team Star Boss Atticus (recipe)","5,000","Diglett Dirt x3,Greavard Wax x3,Orthworm Tarnish x3","$5,000"
056,Bullet Seed,Grass,Physical,25,100,30,https://archives.bulbagarden.net/media/upload/thumb/d/d9/TM056_Thumbnail_SV.png/110px-TM056_Thumbnail_SV.png,"Asado Desert,Casseroya Lake,Dalizapa Passage,South Province (Area Three),West Province (Area One),West Province (Area Two),Mossfell ConfluenceTM,Defeat Team Star Boss Mela (recipe)","3,000","Sunkern Leaf x3,Hoppip Leaf x3","$3,000"
057,False Swipe,Normal,Physical,40,100,40,https://archives.bulbagarden.net/media/upload/thumb/e/e2/TM057_Thumbnail_SV.png/110px-TM057_Thumbnail_SV.png,Naranja AcademyS/Uva AcademyV,400,"Kricketot Shell x3,Chewtle Claw x3",$400
058,Brick Break,Fighting,Physical,75,100,15,https://archives.bulbagarden.net/media/upload/thumb/a/ab/TM058_Thumbnail_SV.png/110px-TM058_Thumbnail_SV.png,"Asado Desert,Casseroya Lake,North Paldean Sea,East Province (Area Three),Oni MountainTM,Defeat Team Star Boss Atticus (recipe)","5,000","Makuhita Sweat x3,Hawlucha Down x3,Crabrawler Shell x3","$5,000"
059,Zen Headbutt,Psychic,Physical,80,90,15,https://archives.bulbagarden.net/media/upload/thumb/9/9d/TM059_Thumbnail_SV.png/110px-TM059_Thumbnail_SV.png,"West Province (Area Two),Oni's MawTM,Polar BiomeID,Defeat Team Star Boss Atticus (recipe)","5,000","Veluza Fillet x3,Girafarig Fur x3,Dunsparce Scales x3","$5,000"
060,U-turn,Bug,Physical,70,100,20,https://archives.bulbagarden.net/media/upload/thumb/4/49/TM060_Thumbnail_SV.png/110px-TM060_Thumbnail_SV.png,"Casseroya Lake,Glaseado Mountain,East Province (Area Two),West Province (Area One),Blueberry AcademyID,Savanna BiomeID,Defeat Team Star Boss Atticus (recipe)","3,000","Nymble Claw x3,Scyther Claw x3","$3,000"
061,Shadow Claw,Ghost,Physical,70,100,15,https://archives.bulbagarden.net/media/upload/thumb/b/b8/TM061_Thumbnail_SV.png/110px-TM061_Thumbnail_SV.png,"North Province (Area One),West Province (Area One),Mossfell ConfluenceTM,Defeat Team Star Boss Atticus (recipe)","3,000","Mimikyu Scrap x3,Komala Claw x3","$3,000"
062,Foul Play,Dark,Physical,95,100,15,https://archives.bulbagarden.net/media/upload/thumb/1/17/TM062_Thumbnail_SV.png/110px-TM062_Thumbnail_SV.png,"Area Zero,Segin Squad's Base (Boss reward),Defeat Team Star Boss Giacomo (recipe)","3,000","Murkrow Bauble x3,Sandile Claw x3","$3,000"
063,Psychic Fangs,Psychic,Physical,85,100,10,https://archives.bulbagarden.net/media/upload/thumb/1/19/TM063_Thumbnail_SV.png/110px-TM063_Thumbnail_SV.png,"Levincia,Glaseado Mountain,North Province (Area One),West Province (Area One),Kitakami WildsTM,Coastal BiomeID,Defeat Team Star Boss Eri (recipe)","10,000","Bruxish Tooth x5,Basculin Fang x3,Veluza Fillet x3","$10,000"
064,Bulk Up,Fighting,Status,None,Cannot Miss,20,https://archives.bulbagarden.net/media/upload/thumb/e/eb/TM064_Thumbnail_SV.png/110px-TM064_Thumbnail_SV.png,"Alfornada,Asado Desert,Caph Squad's Base,South Province (Area Two),Blueberry AcademyID,Canyon BiomeID,Defeat Team Star Boss Atticus (recipe)","3,000","Makuhita Sweat x3,Axew Scales x3","$3,000"
065,Air Slash,Flying,Special,75,95,15,https://archives.bulbagarden.net/media/upload/thumb/b/b9/TM065_Thumbnail_SV.png/110px-TM065_Thumbnail_SV.png,"North Paldean Sea,East Province (Area One),South Province (Area One),Oni's MawTM,Defeat Team Star Boss Atticus (recipe)","5,000","Noibat Fur x3,Wingull Feather x3,Flamigo Down x3","$5,000"
066,Body Slam,Normal,Physical,85,100,15,https://archives.bulbagarden.net/media/upload/thumb/4/4b/TM066_Thumbnail_SV.png/110px-TM066_Thumbnail_SV.png,"Asado Desert,West Province (Area Three),Mossfell ConfluenceTM,Defeat Team Star Boss Atticus (recipe)","5,000","Skwovet Fur x3,Alomomola Mucus x3,Chewtle Claw x3","$5,000"
067,Fire Punch,Fire,Physical,75,100,15,https://archives.bulbagarden.net/media/upload/thumb/1/15/TM067_Thumbnail_SV.png/110px-TM067_Thumbnail_SV.png,"Wistful FieldsTM,Canyon BiomeID,Defeat Team Star Boss Atticus (recipe)","5,000","Meditite Sweat x3,Charcadet Soot x3","$5,000"
068,Thunder Punch,Electric,Physical,75,100,15,https://archives.bulbagarden.net/media/upload/thumb/a/ab/TM068_Thumbnail_SV.png/110px-TM068_Thumbnail_SV.png,"Wistful FieldsTM,Savanna BiomeID,Defeat Team Star Boss Atticus (recipe)","5,000","Toxel Sparks x3,Meditite Sweat x3","$5,000"
069,Ice Punch,Ice,Physical,75,100,15,https://archives.bulbagarden.net/media/upload/thumb/3/36/TM069_Thumbnail_SV.png/110px-TM069_Thumbnail_SV.png,"Wistful FieldsTM,Savanna BiomeID,Defeat Team Star Boss Atticus (recipe)","5,000","Cubchoo Fur x3,Meditite Sweat x3","$5,000"
070,Sleep Talk,Normal,Status,None,Cannot Miss,10,https://archives.bulbagarden.net/media/upload/thumb/b/b8/TM070_Thumbnail_SV.png/110px-TM070_Thumbnail_SV.png,"Cascarrafa,Casseroya Lake,Segin Squad's Base,Defeat Team Star Boss Giacomo (recipe)",400,"Hippopotas Sand x3,Slowpoke Claw x3",$400
071,Seed Bomb,Grass,Physical,80,100,15,https://archives.bulbagarden.net/media/upload/thumb/9/92/TM071_Thumbnail_SV.png/110px-TM071_Thumbnail_SV.png,"Socarrat Trail,East Province (Area One),North Province (Area One),North Province (Area Two),Mossfell ConfluenceTM,Defeat Team Star Boss Ortega (recipe)","8,000","Shroomish Spores x5,Bramblin Twig x3,Smoliv Oil x3","$8,000"
072,Electro Ball,Electric,Special,None,100,10,https://archives.bulbagarden.net/media/upload/thumb/5/5a/TM072_Thumbnail_SV.png/110px-TM072_Thumbnail_SV.png,"Mesagoza,Dalizapa Passage,South Province (Area Two),West Province (Area One),West Province (Area Three),Wistful FieldsTM,Defeat Team Star Boss Ortega (recipe)","5,000","Pachirisu Fur x3,Voltorb Sparks x3,Tadbulb Mucus x3","$5,000"
073,Drain Punch,Fighting,Physical,75,100,10,https://archives.bulbagarden.net/media/upload/thumb/a/ab/TM073_Thumbnail_SV.png/110px-TM073_Thumbnail_SV.png,"East Province (Area Two),South Province (Area Five),Oni's MawTM,Defeat Team Star Boss Ortega (recipe)","8,000","Croagunk Poison x5,Mankey Fur x3,Crabrawler Shell x3","$8,000"
074,Reflect,Psychic,Status,None,Cannot Miss,20,https://archives.bulbagarden.net/media/upload/thumb/f/fc/TM074_Thumbnail_SV.png/110px-TM074_Thumbnail_SV.png,"Levincia,East Province (Area Three),South Province (Area Three),Apple HillsTM,Blueberry AcademyID,Central PlazaID,Savanna BiomeID,Defeat Team Star Boss Mela (recipe)",800,"Drowzee Fur x3,Flittle Down x3",$800
075,Light Screen,Psychic,Status,None,Cannot Miss,30,https://archives.bulbagarden.net/media/upload/thumb/2/2b/TM075_Thumbnail_SV.png/110px-TM075_Thumbnail_SV.png,"Levincia,Asado Desert,East Province (Area One),East Province (Area Two),Reveler's RoadTM,Blueberry AcademyID,Savanna BiomeID,Defeat Team Star Boss Mela (recipe)",800,"Magnemite Screw x3,Voltorb Sparks x3",$800
076,Rock Blast,Rock,Physical,25,90,10,https://archives.bulbagarden.net/media/upload/thumb/f/fc/TM076_Thumbnail_SV.png/110px-TM076_Thumbnail_SV.png,"Casseroya Lake,South Province (Area One),Blueberry AcademyID,Defeat Team Star Boss Mela (recipe)","3,000","Nacli Salt x3,Chewtle Claw x3","$3,000"
077,Waterfall,Water,Physical,80,100,15,https://archives.bulbagarden.net/media/upload/thumb/d/de/TM077_Thumbnail_SV.png/110px-TM077_Thumbnail_SV.png,"Casseroya Lake,North Province (Area Two),Reveler's RoadTM,Coastal BiomeID,Defeat Team Star Boss Ortega (recipe)","8,000","Magikarp Scales x5,Basculin Fang x3,Arrokuda Scales x3","$8,000"
078,Dragon Claw,Dragon,Physical,80,100,15,https://archives.bulbagarden.net/media/upload/thumb/8/8c/TM078_Thumbnail_SV.png/110px-TM078_Thumbnail_SV.png,"Area Zero,Casseroya Lake,East Province (Area One),South Province (Area Four),Polar BiomeID,Defeat Team Star Boss Ortega (recipe)","8,000","Axew Scales x5,Noibat Fur x3,Gible Scales x3","$8,000"
079,Dazzling Gleam,Fairy,Special,80,100,10,https://archives.bulbagarden.net/media/upload/thumb/4/44/TM079_Thumbnail_SV.png/110px-TM079_Thumbnail_SV.png,"Area Zero,Ruchbah Squad's Base (Boss reward),Defeat Team Star Boss Ortega (recipe)","8,000","Hatenna Dust x3,Swablu Fluff x3,Fidough Fur x3","$8,000"
080,Metronome,Normal,Status,None,Cannot Miss,10,https://archives.bulbagarden.net/media/upload/thumb/3/36/TM080_Thumbnail_SV.png/110px-TM080_Thumbnail_SV.png,"Glaseado Mountain,South Province (Area Three),West Province (Area Two),Mossui TownTM",400,"Igglybuff Fluff x3,Happiny Dust x3",$400
081,Grass Knot,Grass,Special,None,100,20,https://archives.bulbagarden.net/media/upload/thumb/d/d2/TM081_Thumbnail_SV.png/110px-TM081_Thumbnail_SV.png,"Mesagoza,Glaseado Mountain,Poco Path,Tagtree Thicket,West Province (Area One),Reveler's RoadTM,Blueberry AcademyID,Defeat Team Star Boss Mela (recipe)","3,000","Cacnea Needle x3,Shroomish Spores x3","$3,000"
082,Thunder Wave,Electric,Status,None,90,20,https://archives.bulbagarden.net/media/upload/thumb/d/dc/TM082_Thumbnail_SV.png/110px-TM082_Thumbnail_SV.png,"South Province (Area One),Infernal PassTM,Blueberry AcademyID",400,"Mareep Wool x3,Pawmi Fur x3",$400
083,Poison Jab,Poison,Physical,80,100,20,https://archives.bulbagarden.net/media/upload/thumb/b/be/TM083_Thumbnail_SV.png/110px-TM083_Thumbnail_SV.png,"Glaseado Mountain,North Province (Area One),Mossfell ConfluenceTM,Canyon BiomeID,Defeat Team Star Boss Atticus (recipe)","5,000","Shroodle Ink x3,Seviper Fang x3,Mareanie Spike x3","$5,000"
084,Stomping Tantrum,Ground,Physical,75,100,10,https://archives.bulbagarden.net/media/upload/thumb/b/ba/TM084_Thumbnail_SV.png/110px-TM084_Thumbnail_SV.png,"Levincia,Area Zero,Reveler's RoadTM","5,000","Mudbray Mud x3,Phanpy Nail x3","$5,000"
085,Rest,Psychic,Status,None,Cannot Miss,5,https://archives.bulbagarden.net/media/upload/thumb/4/4c/TM085_Thumbnail_SV.png/110px-TM085_Thumbnail_SV.png,"Los Platos,East Province (Area One),South Province (Area Five),West Province (Area Two),Apple HillsTM",400,Drowzee Fur x3,$400
086,Rock Slide,Rock,Physical,75,90,10,https://archives.bulbagarden.net/media/upload/thumb/6/67/TM086_Thumbnail_SV.png/110px-TM086_Thumbnail_SV.png,"East Province (Area Three),North Province (Area Two),Oni MountainTM,Blueberry AcademyID,Chargestone CavernID,Defeat Team Star Boss Atticus (recipe)","5,000","Nacli Salt x3,Rockruff Rock x3,Bonsly Tears x3","$5,000"
087,Taunt,Dark,Status,None,100,20,https://archives.bulbagarden.net/media/upload/thumb/1/1a/TM087_Thumbnail_SV.png/110px-TM087_Thumbnail_SV.png,"Asado Desert,Casseroya Lake,Socarrat Trail,South Province (Area One),Paradise BarrensTM,Blueberry AcademyID,Polar BiomeID,Defeat Team Star Boss Eri (recipe)","3,000","Meowth Fur x3,Sableye Gem x3,Sneasel Claw x3","$3,000"
088,Swords Dance,Normal,Status,None,Cannot Miss,20,https://archives.bulbagarden.net/media/upload/thumb/b/bc/TM088_Thumbnail_SV.png/110px-TM088_Thumbnail_SV.png,"Casseroya Lake,North Province (Area One),North Province (Area Two),West Province (Area One),Blueberry AcademyID,Savanna BiomeID,Defeat Team Star Boss Eri (recipe)","5,000","Zangoose Claw x3,Gible Scales x3,Scyther Claw x3","$5,000"
089,Body Press,Fighting,Physical,80,100,10,https://archives.bulbagarden.net/media/upload/thumb/b/b1/TM089_Thumbnail_SV.png/110px-TM089_Thumbnail_SV.png,"Glaseado Mountain,East Province (Area Three),North Province (Area Three),South Province (Area Four),Blueberry Academy,Savanna Biome,Blueberry AcademyID,Canyon BiomeID,Defeat Team Star Boss Eri (recipe)","8,000","Cetoddle Grease x5,Hawlucha Down x3,Pawniard Blade x3","$8,000"
090,Spikes,Ground,Status,None,Cannot Miss,20,https://archives.bulbagarden.net/media/upload/thumb/0/0a/TM090_Thumbnail_SV.png/110px-TM090_Thumbnail_SV.png,"Asado Desert,East Province (Area Three),West Province (Area One),Fellhorn GorgeTM","3,000","Pincurchin Spines x3,Qwilfish Spines x3","$3,000"
091,Toxic Spikes,Poison,Status,None,Cannot Miss,20,https://archives.bulbagarden.net/media/upload/thumb/8/8e/TM091_Thumbnail_SV.png/110px-TM091_Thumbnail_SV.png,"Tagtree Thicket,East Province (Area Two),Fellhorn GorgeTM","3,000","Mareanie Spike x3,Pineco Husk x3","$3,000"
092,Imprison,Psychic,Status,None,Cannot Miss,10,https://archives.bulbagarden.net/media/upload/thumb/d/d1/TM092_Thumbnail_SV.png/110px-TM092_Thumbnail_SV.png,"Alfornada,Navi Squad's Base,North Province (Area Two),Timeless WoodsTM","3,000","Bronzor Fragment x3,Zorua Fur x3","$3,000"
093,Flash Cannon,Steel,Special,80,100,10,https://archives.bulbagarden.net/media/upload/thumb/a/aa/TM093_Thumbnail_SV.png/110px-TM093_Thumbnail_SV.png,"Area Zero,North Paldean Sea,East Province (Area Two),South Province (Area Three),Oni MountainTM,Polar BiomeID,Defeat Team Star Boss Ortega (recipe)","8,000","Varoom Fume x3,Klefki Key x3,Tinkatink Hair x3","$8,000"
094,Dark Pulse,Dark,Special,80,100,15,https://archives.bulbagarden.net/media/upload/thumb/7/79/TM094_Thumbnail_SV.png/110px-TM094_Thumbnail_SV.png,"Glaseado Mountain,East Province (Area Three),North Province (Area Two),Fellhorn GorgeTM,Coastal BiomeID,Defeat Team Star Boss Ortega (recipe)","8,000","Zorua Fur x3,Impidimp Hair x3,Spiritomb Fragment x3","$8,000"
095,Leech Life,Bug,Physical,80,100,10,https://archives.bulbagarden.net/media/upload/thumb/f/f6/TM095_Thumbnail_SV.png/110px-TM095_Thumbnail_SV.png,"Montenevera,Tagtree Thicket,North Province (Area One),West Province (Area One),Defeat Team Star Boss Ortega (recipe)","8,000","Surskit Syrup x3,Venonat Fang x3,Kricketot Shell x3","$8,000"
096,Eerie Impulse,Electric,Status,None,100,15,https://archives.bulbagarden.net/media/upload/thumb/5/5e/TM096_Thumbnail_SV.png/110px-TM096_Thumbnail_SV.png,"Poco Path,West Province (Area Three),Defeat Team Star Boss Giacomo (recipe)",400,"Voltorb Sparks x3,Shinx Fang x3",$400
097,Fly,Flying,Physical,90,95,15,https://archives.bulbagarden.net/media/upload/thumb/9/95/TM097_Thumbnail_SV.png/110px-TM097_Thumbnail_SV.png,"Area Zero,East Province (Area One),West Province (Area One),West Province (Area Two),Wistful FieldsTM,Defeat Team Star Boss Atticus (recipe)","5,000","Squawkabilly Feather x3,Bombirdier Feather x3,Rufflet Feather x3","$5,000"
098,Skill Swap,Psychic,Status,None,Cannot Miss,10,https://archives.bulbagarden.net/media/upload/thumb/b/b6/TM098_Thumbnail_SV.png/110px-TM098_Thumbnail_SV.png,"Alfornada,Artazon,Casseroya Lake,Crystal PoolTM","3,000","Girafarig Fur x3,Flittle Down x3","$3,000"
099,Iron Head,Steel,Physical,80,100,15,https://archives.bulbagarden.net/media/upload/thumb/f/fb/TM099_Thumbnail_SV.png/110px-TM099_Thumbnail_SV.png,"Levincia,Casseroya Lake,West Province (Area One),Timeless WoodsTM,Savanna BiomeID,Defeat Team Star Boss Ortega (recipe)","8,000","Cufant Tarnish x5,Pawniard Blade x3,Rookidee Feather x3","$8,000"
100,Dragon Dance,Dragon,Status,None,Cannot Miss,20,https://archives.bulbagarden.net/media/upload/thumb/a/a7/TM100_Thumbnail_SV.png/110px-TM100_Thumbnail_SV.png,"Area Zero,Inlet Grotto,North Province (Area Two),West Province (Area One),Kitakami WildsTM,Blueberry AcademyID,Defeat Team Star Boss Eri (recipe)","5,000","Tatsugiri Scales x3,Gible Scales x3,Noibat Fur x3","$5,000"
101,Power Gem,Rock,Special,80,100,20,https://archives.bulbagarden.net/media/upload/thumb/3/39/TM101_Thumbnail_SV.png/110px-TM101_Thumbnail_SV.png,"Area Zero,Dalizapa Passage,East Province (Area Three),South Province (Area Three),Crystal PoolTM,Defeat Team Star Boss Ortega (recipe)","8,000","Spoink Pearl x3,Sableye Gem x3,Mareep Wool x3","$8,000"
102,Gunk Shot,Poison,Physical,120,80,5,https://archives.bulbagarden.net/media/upload/thumb/7/7d/TM102_Thumbnail_SV.png/110px-TM102_Thumbnail_SV.png,"Area ZeroNavi Squad's Base (Boss reward),Defeat Team Star Boss Atticus (recipe)","5,000","Grimer Toxin x3,Croagunk Poison x3,Varoom Fume x3","$5,000"
103,Substitute,Normal,Status,None,Cannot Miss,10,https://archives.bulbagarden.net/media/upload/thumb/9/9a/TM103_Thumbnail_SV.png/110px-TM103_Thumbnail_SV.png,"Alfornada,Poco Path,East Province (Area One),Timeless WoodsTM,Blueberry AcademyID,Defeat Team Star Boss Eri (recipe)","5,000","Mimikyu Scrap x3,Azurill Fur x3,Falinks Sweat x3","$5,000"
104,Iron Defense,Steel,Status,None,Cannot Miss,15,https://archives.bulbagarden.net/media/upload/thumb/8/8c/TM104_Thumbnail_SV.png/110px-TM104_Thumbnail_SV.png,"East Province (Area One),East Province (Area Three),North Province (Area One),South Province (Area Five),Paradise BarrensTM,Blueberry AcademyID,Canyon BiomeID,Defeat Team Star Boss Mela (recipe)","1,500","Bronzor Fragment x3,Pineco Husk x3","$1,500"
105,X-Scissor,Bug,Physical,80,100,15,https://archives.bulbagarden.net/media/upload/thumb/5/53/TM105_Thumbnail_SV.png/110px-TM105_Thumbnail_SV.png,"Dalizapa Passage,Socarrat Trail,East Province (Area One),West Province (Area Three),Kitakami RoadTM,Defeat Team Star Boss Atticus (recipe)","5,000","Fomantis Leaf x3,Tarountula Thread x3,Kricketot Shell x3","$5,000"
106,Drill Run,Ground,Physical,80,95,10,https://archives.bulbagarden.net/media/upload/thumb/9/9b/TM106_Thumbnail_SV.png/110px-TM106_Thumbnail_SV.png,"Dalizapa Passage,East Province (Area Three),South Province (Area Two),Torchlit LabyrinthID,Defeat Team Star Boss Ortega (recipe)","8,000","Pineco Husk x5,Dunsparce Scales x3,Arrokuda Scales x3","$8,000"
107,Will-O-Wisp,Fire,Status,None,85,15,https://archives.bulbagarden.net/media/upload/thumb/3/3c/TM107_Thumbnail_SV.png/110px-TM107_Thumbnail_SV.png,"West Paldean Sea,North Province (Area Two),Infernal PassTM,Blueberry AcademyID,Polar BiomeID,Defeat Team Star Boss Mela (recipe)","3,000","Salandit Gas x3,Shuppet Scrap x3","$3,000"
108,Crunch,Dark,Physical,80,100,15,https://archives.bulbagarden.net/media/upload/thumb/3/34/TM108_Thumbnail_SV.png/110px-TM108_Thumbnail_SV.png,"North Paldean Sea,East Province (Area Three),Oni's MawTM,Blueberry AcademyID,Polar BiomeID,Defeat Team Star Boss Ortega (recipe)","8,000","Maschiff Fang x5,Bruxish Tooth x3,Yungoos Fur x3","$8,000"
109,Trick,Psychic,Status,None,100,10,https://archives.bulbagarden.net/media/upload/thumb/1/1a/TM109_Thumbnail_SV.png/110px-TM109_Thumbnail_SV.png,"Medali,North Paldean Sea,West Province (Area One),Kitakami RoadTM,Blueberry AcademyID,Defeat Team Star Boss Eri (recipe)","5,000","Shuppet Scrap x3,Sableye Gem x3,Sinistea Chip x3","$5,000"
110,Liquidation,Water,Physical,85,100,10,https://archives.bulbagarden.net/media/upload/thumb/e/e8/TM110_Thumbnail_SV.png/110px-TM110_Thumbnail_SV.png,"Glaseado Mountain,North Province (Area One),South Province (Area Three),South Province (Area Six),Mossfell ConfluenceTM,Blueberry AcademyID,Defeat Team Star Boss Eri (recipe)","10,000","Arrokuda Scales x5,Wiglett Sand x3,Buizel Fur x3","$10,000"
111,Giga Drain,Grass,Special,75,100,10,https://archives.bulbagarden.net/media/upload/thumb/6/69/TM111_Thumbnail_SV.png/110px-TM111_Thumbnail_SV.png,"Area Zero,Casseroya Lake,East Province (Area One),West Province (Area Three),Mossfell ConfluenceTM,Blueberry AcademyID,Defeat Team Star Boss Ortega (recipe)","8,000","Capsakid Seed x5,Hoppip Leaf x3,Skiddo Leaf x3","$8,000"
112,Aura Sphere,Fighting,Special,80,Cannot Miss,20,https://archives.bulbagarden.net/media/upload/thumb/2/28/TM112_Thumbnail_SV.png/110px-TM112_Thumbnail_SV.png,"Dalizapa Passage,Glaseado Mountain,North Province (Area Two),South Province (Area Four),Paradise BarrensTM,Blueberry AcademyID,Canyon BiomeID,Coastal BiomeID,Defeat Team Star Boss Ortega (recipe)","8,000","Ralts Dust x5,Riolu Fur x3,Charcadet Soot x3","$8,000"
113,Tailwind,Flying,Status,None,Cannot Miss,15,https://archives.bulbagarden.net/media/upload/thumb/4/46/TM113_Thumbnail_SV.png/110px-TM113_Thumbnail_SV.png,"Levincia,Poco Path,East Province (Area One),West Province (Area One),Wistful FieldsTM,Blueberry AcademyID,Polar BiomeID","5,000","Rufflet Feather x3,Rookidee Feather x3,Bombirdier Feather x3","$5,000"
114,Shadow Ball,Ghost,Special,80,100,15,https://archives.bulbagarden.net/media/upload/thumb/c/cb/TM114_Thumbnail_SV.png/110px-TM114_Thumbnail_SV.png,"Montenevera (Gym reward),Area Zero","8,000","Gastly Gas x5,Sandygast Sand x3,Sinistea Chip x3","$8,000"
115,Dragon Pulse,Dragon,Special,85,100,10,https://archives.bulbagarden.net/media/upload/thumb/4/44/TM115_Thumbnail_SV.png/110px-TM115_Thumbnail_SV.png,"Dalizapa Passage,North Province (Area One),North Province (Area Two),Fellhorn GorgeTM,Blueberry AcademyID,Canyon BiomeID,Defeat Team Star Boss Ortega (recipe)","8,000","Goomy Goo x5,Swablu Fluff x3,Tatsugiri Scales x3","$8,000"
116,Stealth Rock,Rock,Status,None,Cannot Miss,20,https://archives.bulbagarden.net/media/upload/thumb/2/24/TM116_Thumbnail_SV.png/110px-TM116_Thumbnail_SV.png,"South Province (Area Two),South Province (Area Five),West Province (Area Two),Oni MountainTM","5,000","Rolycoly Coal x3,Rockruff Rock x3","$5,000"
117,Hyper Voice,Normal,Special,90,100,10,https://archives.bulbagarden.net/media/upload/thumb/d/d2/TM117_Thumbnail_SV.png/110px-TM117_Thumbnail_SV.png,"South Province (Area Six),Fellhorn GorgeTM,Blueberry AcademyID,Canyon BiomeID,Defeat Team Star Boss Ortega (recipe)","8,000","Litleo Tuft x5,Tandemaus Fur x3,Skwovet Fur x3","$8,000"
118,Heat Wave,Fire,Special,95,90,10,https://archives.bulbagarden.net/media/upload/thumb/6/6f/TM118_Thumbnail_SV.png/110px-TM118_Thumbnail_SV.png,"Asado Desert,West Paldean Sea,West Province (Area Two),Infernal PassTM,Blueberry AcademyID,Savanna PlazaID,Defeat Team Star Boss Ortega (recipe)","10,000","Growlithe Fur x5,Torkoal Coal x3,Larvesta Fuzz x3","$10,000"
119,Energy Ball,Grass,Special,90,100,10,https://archives.bulbagarden.net/media/upload/thumb/4/4f/TM119_Thumbnail_SV.png/110px-TM119_Thumbnail_SV.png,"Ruchbah Squad's Base,North Province (Area One),West Province (Area One),Reveler's RoadTM,Blueberry AcademyID,Canyon BiomeID,Defeat Team Star Boss Eri (recipe)","10,000","Deerling Hair x5,Applin Juice x3,Bramblin Twig x3","$10,000"
120,Psychic,Psychic,Special,90,100,10,https://archives.bulbagarden.net/media/upload/thumb/3/31/TM120_Thumbnail_SV.png/110px-TM120_Thumbnail_SV.png,Alfornada (Gym reward),"10,000","Rellor Mud x5,Indeedee Fur x3,Ralts Dust x3","$10,000"
121,Heavy Slam,Steel,Physical,None,100,10,https://archives.bulbagarden.net/media/upload/thumb/4/47/TM121_Thumbnail_SV.png/110px-TM121_Thumbnail_SV.png,"Glaseado Mountain,South Province (Area Three),West Province (Area One),Fellhorn GorgeTM,Coastal BiomeID,Defeat Team Star Boss Ortega (recipe)","5,000","Cufant Tarnish x3,Bronzor Fragment x3,Dondozo Whisker x3","$5,000"
122,Encore,Normal,Status,None,100,5,https://archives.bulbagarden.net/media/upload/thumb/a/a0/TM122_Thumbnail_SV.png/110px-TM122_Thumbnail_SV.png,"Levincia,Casseroya Lake,Segin Squad's Base,North Province (Area Three),South Province (Area Four),Infernal PassTM","3,000","Hawlucha Down x3,Slakoth Fur x3","$3,000"
123,Surf,Water,Special,90,100,15,https://archives.bulbagarden.net/media/upload/thumb/f/f3/TM123_Thumbnail_SV.png/110px-TM123_Thumbnail_SV.png,"Levincia,Porto Marinada,South Paldean Sea,Kitakami WildsTM","10,000","Finneon Scales x5,Finizen Mucus x3,Wiglett Sand x3","$8,000"
124,Ice Spinner,Ice,Physical,80,100,15,https://archives.bulbagarden.net/media/upload/thumb/4/45/TM124_Thumbnail_SV.png/110px-TM124_Thumbnail_SV.png,"Glaseado Mountain (Gym reward),Blueberry AcademyID","8,000","Cetoddle Grease x5,Bergmite Ice x3,Frigibax Scales x3","$10,000"
125,Flamethrower,Fire,Special,90,100,15,https://archives.bulbagarden.net/media/upload/thumb/8/87/TM125_Thumbnail_SV.png/110px-TM125_Thumbnail_SV.png,"Glaseado Mountain,East Province (Area One),North Province (Area One),West Province (Area One),Oni's MawTM,Blueberry AcademyID,Coastal BiomeID,Defeat Team Star Boss Eri (recipe)","10,000","Litleo Tuft x5,Houndour Fang x3,Numel Lava x3","$10,000"
126,Thunderbolt,Electric,Special,90,100,15,https://archives.bulbagarden.net/media/upload/thumb/4/49/TM126_Thumbnail_SV.png/110px-TM126_Thumbnail_SV.png,"Caph Squad's Base,Glaseado Mountain,East Province (Area Three),West Province (Area Two),Chilling WaterheadTM,Blueberry AcademyID,Chargestone CavernID,Defeat Team Star Boss Eri (recipe)","10,000","Pachirisu Fur x5,Tadbulb Mucus x3,Pichu Fur x3","$10,000"
127,Play Rough,Fairy,Physical,90,90,10,https://archives.bulbagarden.net/media/upload/thumb/2/2b/TM127_Thumbnail_SV.png/110px-TM127_Thumbnail_SV.png,"East Province (Area One),South Province (Area One),South Province (Area Six),Kitakami WildsTM,Blueberry AcademyID,Canyon BiomeID,Defeat Team Star Boss Eri (recipe)","10,000","Fidough Fur x5,Tandemaus Fur x3,Tinkatink Hair x3","$10,000"
128,Amnesia,Psychic,Status,None,Cannot Miss,20,https://archives.bulbagarden.net/media/upload/thumb/4/40/TM128_Thumbnail_SV.png/110px-TM128_Thumbnail_SV.png,"Mesagoza,East Province (Area Three),North Province (Area Two),South Province (Area Three),Mossui TownTM,Polar BiomeID,Defeat Team Star Boss Mela (recipe)","1,500","Slowpoke Claw x3,Slakoth Fur x3","$1,500"
129,Calm Mind,Psychic,Status,None,Cannot Miss,20,https://archives.bulbagarden.net/media/upload/thumb/6/6c/TM129_Thumbnail_SV.png/110px-TM129_Thumbnail_SV.png,"North Province (Area Two),South Province (Area One),South Province (Area Five),Apple HillsTM,Blueberry AcademyID,Polar BiomeID,Defeat Team Star Boss Atticus (recipe)","3,000","Stantler Hair x3,Indeedee Fur x3","$3,000"
130,Helping Hand,Normal,Status,None,Cannot Miss,20,https://archives.bulbagarden.net/media/upload/thumb/1/10/TM130_Thumbnail_SV.png/110px-TM130_Thumbnail_SV.png,"North Paldean Sea,Segin Squad's Base,South Province (Area Three),West Province (Area One),Kitakami HallTM,Blueberry AcademyID,Savanna BiomeID",400,Eevee Fur x1,$400
131,Pollen Puff,Bug,Special,90,100,15,https://archives.bulbagarden.net/media/upload/thumb/b/ba/TM131_Thumbnail_SV.png/110px-TM131_Thumbnail_SV.png,"Glaseado Mountain,North Province (Area One),West Province (Area Three),Fellhorn GorgeTM,Coastal BiomeID,Defeat Team Star Boss Ortega (recipe)","10,000","Rellor Mud x5,Petilil Leaf x3,Kricketot Shell x3","$10,000"
132,Baton Pass,Normal,Status,None,Cannot Miss,40,https://archives.bulbagarden.net/media/upload/thumb/b/b7/TM132_Thumbnail_SV.png/110px-TM132_Thumbnail_SV.png,"Medali,Asado Desert,Glaseado Mountain,Kitakami HallTM,Mossfell ConfluenceTM,Defeat Team Star Boss Mela (recipe)","3,000","Girafarig Fur x3,Eevee Fur x3","$3,000"
133,Earth Power,Ground,Special,90,100,10,https://archives.bulbagarden.net/media/upload/thumb/e/e1/TM133_Thumbnail_SV.png/110px-TM133_Thumbnail_SV.png,"Area Zero,Asado Desert,Glaseado Mountain,South Province (Area Six),Blueberry AcademyID,Coastal BiomeID,Defeat Team Star Boss Eri (recipe)","10,000","Silicobra Sand x5,Shellos Mucus x3,Barboach Slime x3","$10,000"
134,Reversal,Fighting,Physical,None,100,15,https://archives.bulbagarden.net/media/upload/thumb/4/47/TM134_Thumbnail_SV.png/110px-TM134_Thumbnail_SV.png,"Casseroya Lake,East Province (Area One)","3,000","Falinks Sweat x3,Heracross Claw x3,Mankey Fur x3","$3,000"
135,Ice Beam,Ice,Special,90,100,10,https://archives.bulbagarden.net/media/upload/thumb/2/27/TM135_Thumbnail_SV.png/110px-TM135_Thumbnail_SV.png,"Glaseado Mountain,Socarrat Trail,East Province (Area One),North Province (Area One),West Province (Area One),West Province (Area Three),Timeless WoodsTM,Blueberry AcademyID,Polar BiomeID,Defeat Team Star Boss Eri (recipe)","10,000","Cryogonal Ice x5,Shellder Pearl x3,Delibird Parcel x3","$10,000"
136,Electric Terrain,Electric,Status,None,Cannot Miss,10,https://archives.bulbagarden.net/media/upload/thumb/c/cb/TM136_Thumbnail_SV.png/110px-TM136_Thumbnail_SV.png,"Levincia,Glaseado Mountain,South Province (Area Three),Chargestone CavernID","3,000","Pincurchin Spines x3,Tadbulb Mucus x3,Pawmi Fur x3","$3,000"
137,Grassy Terrain,Grass,Status,None,Cannot Miss,10,https://archives.bulbagarden.net/media/upload/thumb/b/b2/TM137_Thumbnail_SV.png/110px-TM137_Thumbnail_SV.png,"Area Zero,East Province (Area One),East Province (Area Three),South Province (Area Two),West Province (Area One),West Province (Area Two),Kitakami RoadTM,Coastal BiomeID","3,000","Flabébé Pollen x3,Sunkern Leaf x3,Fomantis Leaf x3","$3,000"
138,Psychic Terrain,Psychic,Status,None,Cannot Miss,10,https://archives.bulbagarden.net/media/upload/thumb/b/b0/TM138_Thumbnail_SV.png/110px-TM138_Thumbnail_SV.png,"Area Zero,East Province (Area Two),South Province (Area Four),West Province (Area One),Wistful FieldsTM,Coastal BiomeID","3,000","Slowpoke Claw x3,Indeedee Fur x3,Drowzee Fur x3","$3,000"
139,Misty Terrain,Fairy,Status,None,Cannot Miss,10,https://archives.bulbagarden.net/media/upload/thumb/b/b4/TM139_Thumbnail_SV.png/110px-TM139_Thumbnail_SV.png,"Tagtree Thicket,North Province (Area Two),South Province (Area Four),Timeless WoodsTM,Canyon BiomeID","3,000","Klefki Key x3,Igglybuff Fluff x3,Flabébé Pollen x3","$3,000"
140,Nasty Plot,Dark,Status,None,Cannot Miss,20,https://archives.bulbagarden.net/media/upload/thumb/e/ea/TM140_Thumbnail_SV.png/110px-TM140_Thumbnail_SV.png,"Area Zero,Naranja AcademyS/Uva AcademyV,Kitakami RoadTM,Blueberry AcademyID,Polar BiomeID","5,000","Meowth Fur x3,Spiritomb Fragment x3,Tatsugiri Scales x3","$5,000"
141,Fire Blast,Fire,Special,110,85,5,https://archives.bulbagarden.net/media/upload/thumb/9/93/TM141_Thumbnail_SV.png/110px-TM141_Thumbnail_SV.png,"Casseroya Lake,North Province (Area Two),South Province (Area Five),Fellhorn GorgeTM,Area Zero UnderdepthsID,Blueberry AcademyID,Canyon BiomeID","12,000","Numel Lava x5,Larvesta Fuzz x3,Torkoal Coal x3","$12,000"
142,Hydro Pump,Water,Special,110,80,5,https://archives.bulbagarden.net/media/upload/thumb/d/dd/TM142_Thumbnail_SV.png/110px-TM142_Thumbnail_SV.png,"Area Zero,Casseroya Lake,Fellhorn GorgeTM,Oni MountainTM,Area Zero UnderdepthsID,Blueberry AcademyID,Coastal BiomeID","12,000","Finizen Mucus x5,Finneon Scales x3,Luvdisc Scales x3","$12,000"
143,Blizzard,Ice,Special,110,70,5,https://archives.bulbagarden.net/media/upload/thumb/4/41/TM143_Thumbnail_SV.png/110px-TM143_Thumbnail_SV.png,"Area Zero,Glaseado Mountain,Area Zero UnderdepthsID,Blueberry AcademyID,Polar BiomeID","12,000","Snorunt Fur x5,Snover Berries x3,Cryogonal Ice x3","$12,000"
144,Fire Pledge,Fire,Special,80,100,10,https://archives.bulbagarden.net/media/upload/thumb/9/99/TM144_Thumbnail_SV.png/110px-TM144_Thumbnail_SV.png,"East Paldean Sea,Torchlit LabyrinthID,Defeat Team Star Boss Atticus (recipe)","8,000","Salandit Gas x3,Numel Lava x3,Capsakid Seed x3","$8,000"
145,Water Pledge,Water,Special,80,100,10,https://archives.bulbagarden.net/media/upload/thumb/e/e8/TM145_Thumbnail_SV.png/110px-TM145_Thumbnail_SV.png,"East Paldean Sea,Torchlit LabyrinthID,Defeat Team Star Boss Atticus (recipe)","8,000","Luvdisc Scales x3,Alomomola Mucus x3,Shellder Pearl x3","$8,000"
146,Grass Pledge,Grass,Special,80,100,10,https://archives.bulbagarden.net/media/upload/thumb/2/2e/TM146_Thumbnail_SV.png/110px-TM146_Thumbnail_SV.png,"East Paldean Sea,Torchlit LabyrinthID,Defeat Team Star Boss Atticus (recipe)","8,000","Applin Juice x3,Toedscool Flaps x3,Deerling Hair x3","$8,000"
147,Wild Charge,Electric,Physical,90,100,15,https://archives.bulbagarden.net/media/upload/thumb/9/95/TM147_Thumbnail_SV.png/110px-TM147_Thumbnail_SV.png,"North Province (Area Two),Paradise BarrensTM,Defeat Team Star Boss Eri (recipe)","10,000","Shinx Fang x5,Pichu Fur x3,Tynamo Slime x3","$10,000"
148,Sludge Bomb,Poison,Special,90,100,10,https://archives.bulbagarden.net/media/upload/thumb/6/64/TM148_Thumbnail_SV.png/110px-TM148_Thumbnail_SV.png,"North Province (Area Two),South Province (Area Six),Apple HillsTM,Blueberry AcademyID,Coastal BiomeID,Defeat Team Star Boss Eri (recipe)","10,000","Croagunk Poison x5,Grimer Toxin x3,Foongus Spores x3","$10,000"
149,Earthquake,Ground,Physical,100,100,10,https://archives.bulbagarden.net/media/upload/thumb/f/f0/TM149_Thumbnail_SV.png/110px-TM149_Thumbnail_SV.png,"Cascarrafa,Area Zero,Oni MountainTM,Area Zero UnderdepthsID,Blueberry AcademyID,Canyon BiomeID","12,000","Phanpy Nail x5,Diglett Dirt x3,Barboach Slime x3","$12,000"
150,Stone Edge,Rock,Physical,100,80,5,https://archives.bulbagarden.net/media/upload/thumb/4/4d/TM150_Thumbnail_SV.png/110px-TM150_Thumbnail_SV.png,"Area Zero,North Province (Area One),Paradise BarrensTM,Area Zero UnderdepthsID,Blueberry AcademyID,Canyon BiomeID","12,000","Rolycoly Coal x5,Rockruff Rock x3,Klawf Claw x3","$12,000"
151,Phantom Force,Ghost,Physical,90,100,10,https://archives.bulbagarden.net/media/upload/thumb/9/92/TM151_Thumbnail_SV.png/110px-TM151_Thumbnail_SV.png,"Inlet Grotto,West Paldean Sea,Timeless WoodsTM,Defeat Team Star Boss Eri (recipe)","10,000","Sinistea Chip x5,Shuppet Scrap x3,Greavard Wax x3","$10,000"
152,Giga Impact,Normal,Physical,150,90,5,https://archives.bulbagarden.net/media/upload/thumb/7/7d/TM152_Thumbnail_SV.png/110px-TM152_Thumbnail_SV.png,"Alfornada Cavern,Area Zero,East Paldean Sea,North Province (Area Two),South Province (Area Six),Oni MountainTM","14,000","Tauros Hair x8,Zangoose Claw x5,Slakoth Fur x3","$14,000"
153,Blast Burn,Fire,Special,150,90,5,https://archives.bulbagarden.net/media/upload/thumb/f/ff/TM153_Thumbnail_SV.png/110px-TM153_Thumbnail_SV.png,"North Province (Area One),Savanna BiomeID","14,000","Houndour Fang x8,Charcadet Soot x5,Growlithe Fur x3","$14,000"
154,Hydro Cannon,Water,Special,150,90,5,https://archives.bulbagarden.net/media/upload/thumb/8/86/TM154_Thumbnail_SV.png/110px-TM154_Thumbnail_SV.png,"North Province (Area One),Coastal BiomeID","14,000","Qwilfish Spines x8,Dondozo Whisker x5,Luvdisc Scales x3","$14,000"
155,Frenzy Plant,Grass,Special,150,90,5,https://archives.bulbagarden.net/media/upload/thumb/1/17/TM155_Thumbnail_SV.png/110px-TM155_Thumbnail_SV.png,"North Province (Area One),Canyon BiomeID","14,000","Tropius Leaf x8,Skiddo Leaf x5,Cacnea Needle x3","$14,000"
156,Outrage,Dragon,Physical,120,100,10,https://archives.bulbagarden.net/media/upload/thumb/4/4c/TM156_Thumbnail_SV.png/110px-TM156_Thumbnail_SV.png,"Area Zero,North Province (Area Two),Area Zero UnderdepthsID,Blueberry AcademyID","12,000","Axew Scales x5,Dratini Scales x3,Frigibax Scales x3","$12,000"
157,Overheat,Fire,Special,130,90,5,https://archives.bulbagarden.net/media/upload/thumb/a/a8/TM157_Thumbnail_SV.png/110px-TM157_Thumbnail_SV.png,"Alfornada Cavern,Glaseado Mountain,Blueberry AcademyID","12,000","Litleo Tuft x5,Numel Lava x3,Capsakid Seed x3","$12,000"
158,Focus Blast,Fighting,Special,120,70,5,https://archives.bulbagarden.net/media/upload/thumb/a/ae/TM158_Thumbnail_SV.png/110px-TM158_Thumbnail_SV.png,"Alfornada,Alfornada Cavern,Area Zero,West Province (Area One),Kitakami WildsTM,Blueberry AcademyID,Canyon BiomeID","12,000","Flamigo Down x5,Meditite Sweat x3,Impidimp Hair x3","$12,000"
159,Leaf Storm,Grass,Special,130,90,5,https://archives.bulbagarden.net/media/upload/thumb/a/ae/TM159_Thumbnail_SV.png/110px-TM159_Thumbnail_SV.png,"Area Zero,North Province (Area Three),Area Zero UnderdepthsID,Blueberry AcademyID","12,000","Bounsweet Sweat x5,Tropius Leaf x3,Toedscool Flaps x3","$12,000"
160,Hurricane,Flying,Special,110,70,10,https://archives.bulbagarden.net/media/upload/thumb/3/3e/TM160_Thumbnail_SV.png/110px-TM160_Thumbnail_SV.png,"Casseroya Lake,North Province (Area One),South Province (Area Six),Oni MountainTM,Blueberry AcademyID,Canyon BiomeID","12,000","Swablu Fluff x5,Oricorio Feather x3,Wingull Feather x3","$12,000"
161,Trick Room,Psychic,Status,None,Cannot Miss,5,https://archives.bulbagarden.net/media/upload/thumb/c/c3/TM161_Thumbnail_SV.png/110px-TM161_Thumbnail_SV.png,"Levincia,Area Zero,West Province (Area One),Fellhorn GorgeTM,Blueberry AcademyID,Canyon BiomeID","5,000","Hatenna Dust x3,Bronzor Fragment x3,Gothita Eyelash x3","$5,000"
162,Bug Buzz,Bug,Special,90,100,10,https://archives.bulbagarden.net/media/upload/thumb/f/fc/TM162_Thumbnail_SV.png/110px-TM162_Thumbnail_SV.png,"Casseroya Lake,North Province (Area Two),South Province (Area Four),Reveler's RoadTM,Blueberry AcademyID,Defeat Team Star Boss Eri (recipe)","10,000","Kricketot Shell x5,Combee Honey x3,Venonat Fang x3","$10,000"
163,Hyper Beam,Normal,Special,150,90,5,https://archives.bulbagarden.net/media/upload/thumb/4/40/TM163_Thumbnail_SV.png/110px-TM163_Thumbnail_SV.png,"Area Zero,East Paldean Sea,Glaseado Mountain,North Province (Area Two),West Province (Area Two),Oni MountainTM,Blueberry AcademyID","14,000","Dratini Scales x8,Goomy Goo x5,Tauros Hair x3","$14,000"
164,Brave Bird,Flying,Physical,120,100,15,https://archives.bulbagarden.net/media/upload/thumb/e/e4/TM164_Thumbnail_SV.png/110px-TM164_Thumbnail_SV.png,"Casseroya Lake,North Province (Area One),South Province (Area Four),Fellhorn GorgeTM,Blueberry AcademyID","12,000","Starly Feather x5,Rufflet Feather x3,Rookidee Feather x3","$12,000"
165,Flare Blitz,Fire,Physical,120,100,15,https://archives.bulbagarden.net/media/upload/thumb/6/6f/TM165_Thumbnail_SV.png/110px-TM165_Thumbnail_SV.png,"Alfornada,Area Zero,Crystal PoolTM,Area Zero UnderdepthsID,Blueberry AcademyID,Canyon BiomeID","12,000","Growlithe Fur x5,Fletchling Feather x3,Charcadet Soot x3","$12,000"
166,Thunder,Electric,Special,110,70,10,https://archives.bulbagarden.net/media/upload/thumb/6/62/TM166_Thumbnail_SV.png/110px-TM166_Thumbnail_SV.png,"Casseroya Lake,Levincia,South Province (Area Three),South Province (Area Six),Blueberry AcademyID,Coastal BiomeID","12,000","Dedenne Fur x5,Pichu Fur x3,Tynamo Slime x3","$12,000"
167,Close Combat,Fighting,Physical,120,100,5,https://archives.bulbagarden.net/media/upload/thumb/1/18/TM167_Thumbnail_SV.png/110px-TM167_Thumbnail_SV.png,"Caph Squad's Base (Boss reward),Defeat Team Star Boss Eri (recipe)","12,000","Riolu Fur x5,Crabrawler Shell x3,Makuhita Sweat x3","$12,000"
168,Solar Beam,Grass,Special,120,100,10,https://archives.bulbagarden.net/media/upload/thumb/9/9a/TM168_Thumbnail_SV.png/110px-TM168_Thumbnail_SV.png,"Casseroya Lake,East Province (Area Three),North Province (Area One),Canyon BiomeID","12,000","Bounsweet Sweat x5,Tropius Leaf x3,Foongus Spores x3","$12,000"
169,Draco Meteor,Dragon,Special,130,90,5,https://archives.bulbagarden.net/media/upload/thumb/d/d3/TM169_Thumbnail_SV.png/110px-TM169_Thumbnail_SV.png,"Mesagoza,Area Zero","14,000","Goomy Goo x8,Frigibax Scales x5,Applin Juice x3","$14,000"
170,Steel Beam,Steel,Special,140,95,5,https://archives.bulbagarden.net/media/upload/thumb/f/f7/TM170_Thumbnail_SV.png/110px-TM170_Thumbnail_SV.png,"Area Zero,North Province (Area Three),Kitakami WildsTM","14,000","Magnemite Screw x8,Orthworm Tarnish x5,Cufant Tarnish x3","$14,000"
171,Tera Blast,Normal,Special,80,100,10,https://archives.bulbagarden.net/media/upload/thumb/2/27/TM171_Thumbnail_SV.png/110px-TM171_Thumbnail_SV.png,"Variable (reward for clearing 5 Gyms),Area Zero,Area Zero UnderdepthsID,Blueberry AcademyID,Central PlazaID","8,000",Glimmet Crystal x8,"$8,000"
172,Roar,Normal,Status,None,Cannot Miss,20,https://archives.bulbagarden.net/media/upload/thumb/1/11/TM172_Thumbnail_SV.png/110px-TM172_Thumbnail_SV.png,Kitakami RoadTM,200,"Poochyena Fang x3,Houndour Fang x2",$200
173,Charge,Electric,Status,None,Cannot Miss,20,https://archives.bulbagarden.net/media/upload/thumb/8/8b/TM173_Thumbnail_SV.png/110px-TM173_Thumbnail_SV.png,Mossui TownTM,400,Pichu Fur x3,$400
174,Haze,Ice,Status,None,Cannot Miss,30,https://archives.bulbagarden.net/media/upload/thumb/8/8d/TM174_Thumbnail_SV.png/110px-TM174_Thumbnail_SV.png,"Fellhorn GorgeTM,Polar BiomeID",400,Feebas Scales x2,$400
175,Toxic,Poison,Status,None,90,10,https://archives.bulbagarden.net/media/upload/thumb/0/01/TM175_Thumbnail_SV.png/110px-TM175_Thumbnail_SV.png,Loyalty PlazaTM,800,"Ekans Fang x3,Koffing Gas x3",$800
176,Sand Tomb,Ground,Physical,35,85,15,https://archives.bulbagarden.net/media/upload/thumb/c/c7/TM176_Thumbnail_SV.png/110px-TM176_Thumbnail_SV.png,Oni MountainTM,400,"Sandshrew Claw x3,Diglett Dirt x2",$400
177,Spite,Ghost,Status,None,100,10,https://archives.bulbagarden.net/media/upload/thumb/a/aa/TM177_Thumbnail_SV.png/110px-TM177_Thumbnail_SV.png,Mossui TownTM,200,"Duskull Fragment x2,Gastly Gas x2",$200
178,Gravity,Psychic,Status,None,Cannot Miss,5,https://archives.bulbagarden.net/media/upload/thumb/8/8f/TM178_Thumbnail_SV.png/110px-TM178_Thumbnail_SV.png,Fellhorn GorgeTM,400,"Cleffa Fur x2,Nosepass Fragment x4",$400
179,Smack Down,Rock,Physical,50,100,15,https://archives.bulbagarden.net/media/upload/thumb/a/a0/TM179_Thumbnail_SV.png/110px-TM179_Thumbnail_SV.png,Wistful FieldsTM,800,"Geodude Fragment x3,Carbink Jewel x3",$800
180,Gyro Ball,Steel,Physical,None,100,5,https://archives.bulbagarden.net/media/upload/thumb/d/d4/TM180_Thumbnail_SV.png/110px-TM180_Thumbnail_SV.png,Infernal PassTM,"10,000","Nosepass Fragment x4,Bronzor Fragment x2","$10,000"
181,Knock Off,Dark,Physical,65,100,20,https://archives.bulbagarden.net/media/upload/thumb/b/ba/TM181_Thumbnail_SV.png/110px-TM181_Thumbnail_SV.png,"Oni MountainTM,Savanna BiomeID","14,000","Corphish Shell x4,Seedot Stem x4","$14,000"
182,Bug Bite,Bug,Physical,60,100,20,https://archives.bulbagarden.net/media/upload/thumb/e/ed/TM182_Thumbnail_SV.png/110px-TM182_Thumbnail_SV.png,Apple HillsTM,"3,000","Yanma Spike x2,Surskit Syrup x2,Sewaddle Leaf x2","$3,000"
183,Super Fang,Normal,Physical,None,90,10,https://archives.bulbagarden.net/media/upload/thumb/a/af/TM183_Thumbnail_SV.png/110px-TM183_Thumbnail_SV.png,Oni's MawTM,"5,000","Sandshrew Claw x3,Tandemaus Fur x3","$5,000"
184,Vacuum Wave,Fighting,Special,40,100,30,https://archives.bulbagarden.net/media/upload/thumb/0/08/TM184_Thumbnail_SV.png/110px-TM184_Thumbnail_SV.png,Infernal PassTM,"3,000","Riolu Fur x3,Croagunk Poison x2","$3,000"
185,Lunge,Bug,Physical,80,100,15,https://archives.bulbagarden.net/media/upload/thumb/e/e8/TM185_Thumbnail_SV.png/110px-TM185_Thumbnail_SV.png,"Reveler's RoadTM,Savanna BiomeID","5,000","Sewaddle Leaf x3,Kricketot Shell x3","$5,000"
186,High Horsepower,Ground,Physical,95,95,10,https://archives.bulbagarden.net/media/upload/thumb/2/2a/TM186_Thumbnail_SV.png/110px-TM186_Thumbnail_SV.png,"Paradise BarrensTM,Canyon BiomeID","5,000","Swinub Hair x2,Mudbray Mud x4","$5,000"
187,Icicle Spear,Ice,Physical,25,100,30,https://archives.bulbagarden.net/media/upload/thumb/5/50/TM187_Thumbnail_SV.png/110px-TM187_Thumbnail_SV.png,"Chilling WaterheadTM,Blueberry AcademyID,Polar BiomeID","10,000","Swinub Hair x2,Snorunt Fur x3","$10,000"
188,Scald,Water,Special,80,100,15,https://archives.bulbagarden.net/media/upload/thumb/9/9c/TM188_Thumbnail_SV.png/110px-TM188_Thumbnail_SV.png,"Infernal PassTM,Coastal BiomeID","8,000","Poltchageist Powder x3,Slowpoke Claw x3","$8,000"
189,Heat Crash,Fire,Physical,None,100,10,https://archives.bulbagarden.net/media/upload/thumb/6/6b/TM189_Thumbnail_SV.png/110px-TM189_Thumbnail_SV.png,Kitakami WildsTM,"8,000","Slugma Lava x4,Munchlax Fang x2","$8,000"
190,Solar Blade,Grass,Physical,125,100,10,https://archives.bulbagarden.net/media/upload/thumb/3/39/TM190_Thumbnail_SV.png/110px-TM190_Thumbnail_SV.png,"Oni MountainTM,Coastal BiomeID","12,000","Seedot Stem x4,Sewaddle Leaf x2","$12,000"
191,Uproar,Normal,Special,90,100,10,https://archives.bulbagarden.net/media/upload/thumb/e/e5/TM191_Thumbnail_SV.png/110px-TM191_Thumbnail_SV.png,Oni's MawTM,"5,000","Lotad Leaf x4,Chingling Fragment x2","$5,000"
192,Focus Punch,Fighting,Physical,150,100,20,https://archives.bulbagarden.net/media/upload/thumb/1/1e/TM192_Thumbnail_SV.png/110px-TM192_Thumbnail_SV.png,Reveler's RoadTM,"8,000","Timburr Sweat x3,Jangmo-o Scales x3","$8,000"
193,Weather Ball,Normal,Special,50,100,10,https://archives.bulbagarden.net/media/upload/thumb/b/bc/TM193_Thumbnail_SV.png/110px-TM193_Thumbnail_SV.png,"Kitakami RoadTM,Polar BiomeID","1,500","Vulpix Fur x3,Petilil Leaf x3","$1,500"
194,Grassy Glide,Grass,Physical,55,100,20,https://archives.bulbagarden.net/media/upload/thumb/7/71/TM194_Thumbnail_SV.png/110px-TM194_Thumbnail_SV.png,"Apple HillsTM,Coastal BiomeID","10,000","Bellsprout Vine x3,Seedot Stem x3","$10,000"
195,Burning Jealousy,Fire,Special,70,100,5,https://archives.bulbagarden.net/media/upload/thumb/5/5e/TM195_Thumbnail_SV.png/110px-TM195_Thumbnail_SV.png,Fellhorn GorgeTM,"8,000","Litwick Soot x2,Vulpix Fur x2,Mimikyu Scrap x2","$8,000"
196,Flip Turn,Water,Physical,60,100,20,https://archives.bulbagarden.net/media/upload/thumb/c/c4/TM196_Thumbnail_SV.png/110px-TM196_Thumbnail_SV.png,"Chilling WaterheadTM,Blueberry AcademyID,Canyon BiomeID","5,000","Basculin Fang x2,Veluza Fillet x2,Finizen Mucus x2","$5,000"
197,Dual Wingbeat,Flying,Physical,40,90,10,https://archives.bulbagarden.net/media/upload/thumb/a/aa/TM197_Thumbnail_SV.png/110px-TM197_Thumbnail_SV.png,"Fellhorn GorgeTM,Blueberry AcademyID","5,000","Ducklett Feather x3,Bombirdier Feather x3","$5,000"
198,Poltergeist,Ghost,Physical,110,90,5,https://archives.bulbagarden.net/media/upload/thumb/a/a9/TM198_Thumbnail_SV.png/110px-TM198_Thumbnail_SV.png,Reveler's RoadTM,"14,000","Litwick Soot x2,Phantump Twig x2,Duskull Fragment x2","$14,000"
199,Lash Out,Dark,Physical,75,100,5,https://archives.bulbagarden.net/media/upload/thumb/0/00/TM199_Thumbnail_SV.png/110px-TM199_Thumbnail_SV.png,Timeless WoodsTM,"5,000","Vullaby Feather x3,Pawniard Blade x2,Poochyena Fang x2","$5,000"
200,Scale Shot,Dragon,Physical,25,90,20,https://archives.bulbagarden.net/media/upload/thumb/3/3d/TM200_Thumbnail_SV.png/110px-TM200_Thumbnail_SV.png,"Oni MountainTM,Blueberry AcademyID","10,000","Jangmo-o Scales x2,Gible Scales x2,Arrokuda Scales x2","$10,000"
201,Misty Explosion,Fairy,Special,100,100,5,https://archives.bulbagarden.net/media/upload/thumb/1/11/TM201_Thumbnail_SV.png/110px-TM201_Thumbnail_SV.png,"Kitakami WildsTM,Canyon BiomeID","14,000","Carbink Jewel x2,Cleffa Fur x3","$14,000"
202,Pain Split,Normal,Status,None,Cannot Miss,20,https://archives.bulbagarden.net/media/upload/thumb/a/ae/TM202_Thumbnail_SV.png/110px-TM202_Thumbnail_SV.png,Savanna BiomeID,"3,000","Solosis Gel x2,Comfey Flower x3","$3,000"
203,Psych Up,Normal,Status,None,Cannot Miss,10,https://archives.bulbagarden.net/media/upload/thumb/0/02/TM203_Thumbnail_SV.png/110px-TM203_Thumbnail_SV.png,Coastal BiomeID,400,"Porygon Fragment x2,Stantler Hair x3",$400
204,Double-Edge,Normal,Physical,120,100,15,https://archives.bulbagarden.net/media/upload/thumb/f/ff/TM204_Thumbnail_SV.png/110px-TM204_Thumbnail_SV.png,Savanna BiomeID,"10,000","Rhyhorn Fang x2,Tauros Hair x3","$10,000"
205,Endeavor,Normal,Physical,None,100,5,https://archives.bulbagarden.net/media/upload/thumb/4/4f/TM205_Thumbnail_SV.png/110px-TM205_Thumbnail_SV.png,Savanna BiomeID,400,"Porygon Fragment x2,Stantler Hair x3",$400
206,Petal Blizzard,Grass,Physical,90,100,15,https://archives.bulbagarden.net/media/upload/thumb/f/f3/TM206_Thumbnail_SV.png/110px-TM206_Thumbnail_SV.png,Coastal BiomeID,"5,000","Oddish Leaf x2,Comfey Flower x2,Cottonee Fluff x1","$5,000"
207,Temper Flare,Fire,Physical,75,100,10,https://archives.bulbagarden.net/media/upload/thumb/2/22/TM207_Thumbnail_SV.png/110px-TM207_Thumbnail_SV.png,Defeat CrispinID,"3,000","Magby Hair x3,Numel Lava x2","$3,000"
208,Whirlpool,Water,Special,35,85,15,https://archives.bulbagarden.net/media/upload/thumb/f/f5/TM208_Thumbnail_SV.png/110px-TM208_Thumbnail_SV.png,Polar BiomeID,800,"Horsea Ink x2,Seel Fur x2,Lapras Teardrop x1",$800
209,Muddy Water,Water,Special,90,85,10,https://archives.bulbagarden.net/media/upload/thumb/b/b2/TM209_Thumbnail_SV.png/110px-TM209_Thumbnail_SV.png,"Polar BiomeID,Savanna BiomeID","10,000","Horsea Ink x3,Wooper Slime x3","$10,000"
210,Supercell Slam,Electric,Physical,100,95,15,https://archives.bulbagarden.net/media/upload/thumb/9/9d/TM210_Thumbnail_SV.png/110px-TM210_Thumbnail_SV.png,"Canyon BiomeID,Chargestone CavernID","5,000","Elekid Fur x3,Blitzle Mane Hair x2","$5,000"
211,Electroweb,Electric,Special,55,95,15,https://archives.bulbagarden.net/media/upload/thumb/c/c1/TM211_Thumbnail_SV.png/110px-TM211_Thumbnail_SV.png,Chargestone CavernID,800,Joltik Thread x5,$800
212,Triple Axel,Ice,Physical,20,90,10,https://archives.bulbagarden.net/media/upload/thumb/5/5f/TM212_Thumbnail_SV.png/110px-TM212_Thumbnail_SV.png,Polar BiomeID,"8,000","Tyrogue Sweat x1,Minccino Fur x1,Sneasel Claw x3","$8,000"
213,Coaching,Fighting,Status,None,Cannot Miss,10,https://archives.bulbagarden.net/media/upload/thumb/9/98/TM213_Thumbnail_SV.png/110px-TM213_Thumbnail_SV.png,Savanna BiomeID,800,"Scraggy Sweat x3,Pawmi Fur x1,Tyrogue Sweat x1",$800
214,Sludge Wave,Poison,Special,95,100,10,https://archives.bulbagarden.net/media/upload/thumb/b/bf/TM214_Thumbnail_SV.png/110px-TM214_Thumbnail_SV.png,Coastal BiomeID,"10,000","Tentacool Stinger x2,Qwilfish Spines x2,Gastly Gas x2","$10,000"
215,Scorching Sands,Ground,Special,70,100,10,https://archives.bulbagarden.net/media/upload/thumb/e/ea/TM215_Thumbnail_SV.png/110px-TM215_Thumbnail_SV.png,"Coastal BiomeID,Savanna BiomeID","10,000","Trapinch Shell x2,Sandile Claw x1,Drilbur Claw x2","$10,000"
216,Feather Dance,Flying,Status,None,100,15,https://archives.bulbagarden.net/media/upload/thumb/e/e3/TM216_Thumbnail_SV.png/110px-TM216_Thumbnail_SV.png,Canyon BiomeID,400,"Pikipek Feather x3,Murkrow Bauble x2",$400
217,Future Sight,Psychic,Special,120,100,10,https://archives.bulbagarden.net/media/upload/thumb/1/14/TM217_Thumbnail_SV.png/110px-TM217_Thumbnail_SV.png,Canyon BiomeID,"5,000","Solosis Gel x2,Slowpoke Claw x2,Drowzee Fur x2","$5,000"
218,Expanding Force,Psychic,Special,80,100,10,https://archives.bulbagarden.net/media/upload/thumb/9/9d/TM218_Thumbnail_SV.png/110px-TM218_Thumbnail_SV.png,Savanna BiomeID,"10,000","Espurr Fur x3,Exeggcute Shell x2","$10,000"
219,Skitter Smack,Bug,Physical,70,90,10,https://archives.bulbagarden.net/media/upload/thumb/1/18/TM219_Thumbnail_SV.png/110px-TM219_Thumbnail_SV.png,Canyon BiomeID,"3,000","Dewpider Thread x3,Rellor Mud x2","$3,000"
220,Meteor Beam,Rock,Special,120,90,10,https://archives.bulbagarden.net/media/upload/thumb/0/01/TM220_Thumbnail_SV.png/110px-TM220_Thumbnail_SV.png,"Canyon BiomeID,Polar BiomeID,Area Zero UnderdepthsID","15,000",Minior Shell x8,"$15,000"
221,Throat Chop,Dark,Physical,80,100,15,https://archives.bulbagarden.net/media/upload/thumb/2/29/TM221_Thumbnail_SV.png/110px-TM221_Thumbnail_SV.png,Savanna BiomeID,"5,000","Scraggy Sweat x2,Zorua Fur x3","$5,000"
222,Breaking Swipe,Dragon,Physical,60,100,15,https://archives.bulbagarden.net/media/upload/thumb/e/e8/TM222_Thumbnail_SV.png/110px-TM222_Thumbnail_SV.png,Polar BiomeID,"3,000","Duraludon Tarnish x3,Axew Scales x2,Cyclizar Scales x1","$3,000"
223,Metal Sound,Steel,Status,None,85,40,https://archives.bulbagarden.net/media/upload/thumb/8/86/TM223_Thumbnail_SV.png/110px-TM223_Thumbnail_SV.png,Torchlit LabyrinthID,800,"Magnemite Screw x2,Elekid Fur x2,[1,]",$800
224,Curse,Ghost,Status,None,Cannot Miss,10,https://archives.bulbagarden.net/media/upload/thumb/0/0a/TM224_Thumbnail_SV.png/110px-TM224_Thumbnail_SV.png,Polar BiomeID,400,"Golett Shard x4,Nacli Salt x2",$400
225,Hard Press,Steel,Physical,None,100,10,https://archives.bulbagarden.net/media/upload/thumb/8/81/TM225_Thumbnail_SV.png/110px-TM225_Thumbnail_SV.png,Defeat AmarysID,"5,000","Beldum Claw x3,Cufant Tarnish x3","$5,000"
226,Dragon Cheer,Dragon,Status,None,Cannot Miss,10,https://archives.bulbagarden.net/media/upload/thumb/5/5a/TM226_Thumbnail_SV.png/110px-TM226_Thumbnail_SV.png,Defeat DraytonID,"1,500","Tatsugiri Scales x2,Lapras Teardrop x2,Applin Juice x1","$1,500"
227,Alluring Voice,Fairy,Special,80,100,10,https://archives.bulbagarden.net/media/upload/thumb/4/4d/TM227_Thumbnail_SV.png/110px-TM227_Thumbnail_SV.png,Defeat LaceyID,"3,000","Igglybuff Fluff x3,Ralts Dust x2,Cottonee Fluff x2","$3,000"
228,Psychic Noise,Psychic,Special,75,100,10,https://archives.bulbagarden.net/media/upload/thumb/8/80/TM228_Thumbnail_SV.png/110px-TM228_Thumbnail_SV.png,Central PlazaID,"3,000","Psyduck Down x3,Chingling Fragment x3","$3,000"
229,Upper Hand,Fighting,Physical,65,100,15,https://archives.bulbagarden.net/media/upload/thumb/2/25/TM229_Thumbnail_SV.png/110px-TM229_Thumbnail_SV.png,Savanna BiomeID,"1,500","Makuhita Sweat x3,Tyrogue Sweat x3","$1,500"
